{"6435.0": 2.8176850716469093, "4727.0": 2.1103639350861494, "6254.0": 1.6104864388023554, "5839.0": 1.9945980926248945, "6162.0": 2.8316473316684645, "6583.0": 2.4825319616358548, "6328.0": 2.2447018894634803, "6618.0": 2.557676981889338, "6075.0": 2.583961777652754, "6635.0": 2.1604583278875933}