{"6435.0": 1119.2217898832685, "4727.0": 899.0228013029316, "6254.0": 773.784860557769, "5839.0": 1018.6516853932584, "6162.0": 1021.6535433070866, "6583.0": 930.0, "6328.0": 932.3076923076923, "6618.0": 1168.125, "6075.0": 1048.235294117647, "6635.0": 1007.9518072289156}